Source:,C:\Users\Michel\Documents\Projets-kicad\automate\automate.sch,,,,,,,
Date:,22/01/2022 15:14:08,,,,,,,
Tool:,Eeschema (6.0.0),,,,,,,
Generator:,C:\Program Files\KiCad\6.0\bin\scripting\plugins/bom_csv_grouped_by_value.py,,,,,,,
Component Count:,230,,,,,,,
,,,,,,,,
Individual Components:,,,,,,,,
,,,,,,,,
Item,Qty,Reference(s),Value,LibPart,Footprint,Datasheet,MANUFACTURER_PART_NUMBER,VENDOR
,,BZ1,Buzzer,Device:Buzzer,buzzer_perso:Buzzer_Mallory_AST1109MLTRQ,~,,
,,BZ2,Buzzer,Device:Buzzer,buzzer_perso:Buzzer_12x9.5RM7.6,~,,
,,C1,100µF,Device:CP,capacitor_perso:C_Elec_8x6.2,,,
,,C2,100nF,Device:C,Resistor_SMD:R_0805_2012Metric_Pad1.20x1.40mm_HandSolder,~,,
,,C3,2.2nF,Device:C,Resistor_SMD:R_0805_2012Metric_Pad1.20x1.40mm_HandSolder,~,,
,,C4,100nF,Device:C,Resistor_SMD:R_0805_2012Metric_Pad1.20x1.40mm_HandSolder,~,,
,,C5,100µF,Device:CP,capacitor_perso:C_Elec_8x6.2,,,
,,C6,100nF,Device:C,Resistor_SMD:R_0805_2012Metric_Pad1.20x1.40mm_HandSolder,~,,
,,C7,100nF,Device:C,Resistor_SMD:R_0805_2012Metric_Pad1.20x1.40mm_HandSolder,~,,
,,C8,100nF,Device:C,Resistor_SMD:R_0805_2012Metric_Pad1.20x1.40mm_HandSolder,~,,
,,C9,100nF,Device:C,Resistor_SMD:R_0805_2012Metric_Pad1.20x1.40mm_HandSolder,~,,
,,C10,100nF,Device:C,Resistor_SMD:R_0805_2012Metric_Pad1.20x1.40mm_HandSolder,~,,
,,C11,100nF,Device:C,Resistor_SMD:R_0805_2012Metric_Pad1.20x1.40mm_HandSolder,~,,
,,C12,100nF,Device:C,Resistor_SMD:R_0805_2012Metric_Pad1.20x1.40mm_HandSolder,~,,
,,C13,100nF,Device:C,Resistor_SMD:R_0805_2012Metric_Pad1.20x1.40mm_HandSolder,~,,
,,C14,100nF,Device:C,Resistor_SMD:R_0805_2012Metric_Pad1.20x1.40mm_HandSolder,~,,
,,C15,100nF,Device:C,Resistor_SMD:R_0805_2012Metric_Pad1.20x1.40mm_HandSolder,~,,
,,C16,100nF,Device:C,Resistor_SMD:R_0805_2012Metric_Pad1.20x1.40mm_HandSolder,~,,
,,C17,100nF,Device:C,Resistor_SMD:R_0805_2012Metric_Pad1.20x1.40mm_HandSolder,~,,
,,C18,100nF,Device:C,Resistor_SMD:R_0805_2012Metric_Pad1.20x1.40mm_HandSolder,~,,
,,C19,100nF,Device:C,Resistor_SMD:R_0805_2012Metric_Pad1.20x1.40mm_HandSolder,~,,
,,C20,100nF,Device:C,Resistor_SMD:R_0805_2012Metric_Pad1.20x1.40mm_HandSolder,~,,
,,D1,SSA36,pspice:DIODE,diodes_perso:D_SMB_SSA36-Handsoldering,~,,
,,D2,SMBJ15A,Diode:SM6T15A,Diode_SMD:D_SMB_Handsoldering,https://www.st.com/resource/en/datasheet/sm6t.pdf,,
,,D3,DIODE,pspice:DIODE,diodes_perso:D_SMB_SSA36-Handsoldering,~,,
,,D4,SSA36,pspice:DIODE,diodes_perso:D_SMB_SSA36-Handsoldering,~,,
,,D5,LED,Device:LED,Diode_SMD:D_0805_2012Metric_Pad1.15x1.40mm_HandSolder,~,,
,,D6,LED,Device:LED,Diode_SMD:D_0805_2012Metric_Pad1.15x1.40mm_HandSolder,~,,
,,D7,SSA36,pspice:DIODE,diodes_perso:D_SMB_SSA36-Handsoldering,~,,
,,D8,LED,Device:LED,Diode_SMD:D_0805_2012Metric_Pad1.15x1.40mm_HandSolder,~,,
,,D9,SSA36,pspice:DIODE,diodes_perso:D_SMB_SSA36-Handsoldering,~,,
,,D10,LED,Device:LED,Diode_SMD:D_0805_2012Metric_Pad1.15x1.40mm_HandSolder,~,,
,,D11,SSA36,pspice:DIODE,diodes_perso:D_SMB_SSA36-Handsoldering,~,,
,,D12,LED,Device:LED,Diode_SMD:D_0805_2012Metric_Pad1.15x1.40mm_HandSolder,~,,
,,D13,SSA36,pspice:DIODE,diodes_perso:D_SMB_SSA36-Handsoldering,~,,
,,D14,SSA36,pspice:DIODE,Diode_SMD:D_SMB_Handsoldering,~,,
,,D15,LED,Device:LED,Diode_SMD:D_0805_2012Metric_Pad1.15x1.40mm_HandSolder,~,,
,,D16,SSA36,pspice:DIODE,diodes_perso:D_SMB_SSA36-Handsoldering,~,,
,,D17,LED,Device:LED,Diode_SMD:D_0805_2012Metric_Pad1.15x1.40mm_HandSolder,~,,
,,D18,SSA36,pspice:DIODE,diodes_perso:D_SMB_SSA36-Handsoldering,~,,
,,D19,LED,Device:LED,Diode_SMD:D_0805_2012Metric_Pad1.15x1.40mm_HandSolder,~,,
,,D20,SSA36,pspice:DIODE,diodes_perso:D_SMB_SSA36-Handsoldering,~,,
,,D21,LED,Device:LED,Diode_SMD:D_0805_2012Metric_Pad1.15x1.40mm_HandSolder,~,,
,,D22,DIODE,pspice:DIODE,diodes_perso:D_SMB_SSA36-Handsoldering,~,,
,,D23,SMBJ15A,Diode:SM6T15A,Diode_SMD:D_SMB_Handsoldering,https://www.st.com/resource/en/datasheet/sm6t.pdf,,
,,D24,SMBJ15A,Diode:SM6T15A,Diode_SMD:D_SMB_Handsoldering,https://www.st.com/resource/en/datasheet/sm6t.pdf,,
,,D25,SMBJ15A,Diode:SM6T15A,Diode_SMD:D_SMB_Handsoldering,https://www.st.com/resource/en/datasheet/sm6t.pdf,,
,,D26,SMBJ15A,Diode:SM6T15A,Diode_SMD:D_SMB_Handsoldering,https://www.st.com/resource/en/datasheet/sm6t.pdf,,
,,D27,SSA36,pspice:DIODE,diodes_perso:D_SMB_SSA36-Handsoldering,~,,
,,D28,SSA36,pspice:DIODE,diodes_perso:D_SMB_SSA36-Handsoldering,~,,
,,D29,SSA36,pspice:DIODE,diodes_perso:D_SMB_SSA36-Handsoldering,~,,
,,D30,SSA36,pspice:DIODE,diodes_perso:D_SMB_SSA36-Handsoldering,~,,
,,D31,SMBJ15A,Diode:SM6T15A,Diode_SMD:D_SMB_Handsoldering,https://www.st.com/resource/en/datasheet/sm6t.pdf,,
,,D32,SMBJ15A,Diode:SM6T15A,Diode_SMD:D_SMB_Handsoldering,https://www.st.com/resource/en/datasheet/sm6t.pdf,,
,,D33,SMBJ15A,Diode:SM6T15A,Diode_SMD:D_SMB_Handsoldering,https://www.st.com/resource/en/datasheet/sm6t.pdf,,
,,D34,SMBJ15A,Diode:SM6T15A,Diode_SMD:D_SMB_Handsoldering,https://www.st.com/resource/en/datasheet/sm6t.pdf,,
,,D35,SSA36,pspice:DIODE,diodes_perso:D_SMB_SSA36-Handsoldering,~,,
,,D36,SSA36,pspice:DIODE,diodes_perso:D_SMB_SSA36-Handsoldering,~,,
,,D37,SSA36,pspice:DIODE,diodes_perso:D_SMB_SSA36-Handsoldering,~,,
,,D38,SSA36,pspice:DIODE,diodes_perso:D_SMB_SSA36-Handsoldering,~,,
,,D39,SMBJ15A,Diode:SM6T15A,Diode_SMD:D_SMB_Handsoldering,https://www.st.com/resource/en/datasheet/sm6t.pdf,,
,,D40,SMBJ15A,Diode:SM6T15A,Diode_SMD:D_SMB_Handsoldering,https://www.st.com/resource/en/datasheet/sm6t.pdf,,
,,D41,SMBJ15A,Diode:SM6T15A,Diode_SMD:D_SMB_Handsoldering,https://www.st.com/resource/en/datasheet/sm6t.pdf,,
,,D42,SMBJ15A,Diode:SM6T15A,Diode_SMD:D_SMB_Handsoldering,https://www.st.com/resource/en/datasheet/sm6t.pdf,,
,,D43,LED,Device:LED,LED_SMD:LED_0805_2012Metric_Pad1.15x1.40mm_HandSolder,~,,
,,D44,SSA36,pspice:DIODE,diodes_perso:D_SMB_SSA36-Handsoldering,~,,
,,D45,SSA36,pspice:DIODE,diodes_perso:D_SMB_SSA36-Handsoldering,~,,
,,D46,SMBJ15A,Diode:SM6T15A,Diode_SMD:D_SMB_Handsoldering,https://www.st.com/resource/en/datasheet/sm6t.pdf,,
,,D47,SMBJ15A,Diode:SM6T15A,Diode_SMD:D_SMB_Handsoldering,https://www.st.com/resource/en/datasheet/sm6t.pdf,,
,,D48,SSA36,pspice:DIODE,diodes_perso:D_SMB_SSA36-Handsoldering,~,,
,,D49,SMBJ15A,Diode:SM6T15A,Diode_SMD:D_SMB_Handsoldering,https://www.st.com/resource/en/datasheet/sm6t.pdf,,
,,D50,SMBJ15A,Diode:SM6T15A,Diode_SMD:D_SMB_Handsoldering,https://www.st.com/resource/en/datasheet/sm6t.pdf,,
,,D51,SSA36,pspice:DIODE,diodes_perso:D_SMB_SSA36-Handsoldering,~,,
,,D52,SSA36,pspice:DIODE,diodes_perso:D_SMB_SSA36-Handsoldering,~,,
,,J1,Conn_01x02_Female,Connector:Conn_01x02_Female,connectors:conn-2pts-P5mm,~,,
,,J2,Conn_01x05_Female,Connector:Conn_01x05_Female,Connector_PinHeader_2.54mm:PinHeader_1x05_P2.54mm_Vertical,~,,
,,J3,Conn_01x04_Female,Connector:Conn_01x04_Female,connectors:conn-4pts-P5mm,~,,
,,J4,Conn_01x04_Female,Connector:Conn_01x04_Female,connectors:conn-4pts-P5mm,~,,
,,J5,Conn_01x03_Female,Connector:Conn_01x03_Female,connectors:conn-3pts-P5mm,~,,
,,J6,Conn_01x03_Female,Connector:Conn_01x03_Female,connectors:conn-3pts-P5mm,~,,
,,J7,Conn_01x03_Female,Connector:Conn_01x03_Female,connectors:conn-3pts-P5mm,~,,
,,J8,Conn_01x03_Female,Connector:Conn_01x03_Female,connectors:conn-3pts-P5mm,~,,
,,J9,Conn_01x03_Female,Connector:Conn_01x03_Female,connectors:conn-3pts-P5mm,~,,
,,J10,Conn_01x03_Female,Connector:Conn_01x03_Female,connectors:conn-3pts-P5mm,~,,
,,J11,Conn_01x03_Female,Connector:Conn_01x03_Female,connectors:conn-3pts-P5mm,~,,
,,J12,Conn_01x03_Female,Connector:Conn_01x03_Female,connectors:conn-3pts-P5mm,~,,
,,J13,Conn_01x02_Female,Connector:Conn_01x02_Female,connectors:conn-2pts-P5mm,~,,
,,J14,Conn_01x02_Female,Connector:Conn_01x02_Female,connectors:conn-2pts-P5mm,~,,
,,J15,Conn_01x02_Female,Connector:Conn_01x02_Female,connectors:conn-2pts-P5mm,~,,
,,J16,Conn_01x02_Female,Connector:Conn_01x02_Female,connectors:conn-2pts-P5mm,~,,
,,J17,Conn_01x02_Female,Connector:Conn_01x02_Female,connectors:conn-2pts-P5mm,~,,
,,J18,Conn_01x02_Female,Connector:Conn_01x02_Female,connectors:conn-2pts-P5mm,~,,
,,J19,Conn_01x02_Female,Connector:Conn_01x02_Female,connectors:conn-2pts-P5mm,~,,
,,J20,Conn_01x02_Female,Connector:Conn_01x02_Female,connectors:conn-2pts-P5mm,~,,
,,J21,Conn_01x02_Female,Connector:Conn_01x02_Female,connectors:conn-2pts-P5mm,~,,
,,J22,Conn_01x02_Female,Connector:Conn_01x02_Female,connectors:conn-2pts-P5mm,~,,
,,J23,Conn_01x02_Female,Connector:Conn_01x02_Female,connectors:conn-2pts-P5mm,~,,
,,J24,Conn_01x02_Female,Connector:Conn_01x02_Female,connectors:conn-2pts-P5mm,~,,
,,J25,Conn_01x05_Female,Connector:Conn_01x05_Female,connectors:conn-5pts-P5mm,~,,
,,J26,Conn_01x05_Female,Connector:Conn_01x05_Female,connectors:conn-5pts-P5mm,~,,
,,J27,Conn_01x02_Female,Connector:Conn_01x02_Female,connectors:conn-2pts-P5mm,~,,
,,JP1,Jumper,Device:Jumper,Connector_PinHeader_2.54mm:PinHeader_1x02_P2.54mm_Vertical,,,
,,JP2,Jumper_NC_Dual,Device:Jumper_NC_Dual,Connector_PinHeader_2.54mm:PinHeader_1x03_P2.54mm_Vertical,,,
,,JP3,Jumper_NC_Dual,Device:Jumper_NC_Dual,Connector_PinHeader_2.54mm:PinHeader_1x03_P2.54mm_Vertical,,,
,,JP4,Jumper_NC_Dual,Device:Jumper_NC_Dual,Connector_PinHeader_2.54mm:PinHeader_1x03_P2.54mm_Vertical,,,
,,JP5,Jumper_NC_Dual,Device:Jumper_NC_Dual,Connector_PinHeader_2.54mm:PinHeader_1x03_P2.54mm_Vertical,,,
,,K1,SONGLE,Relay:FINDER-40.11,relays_perso:Relay_SRD_Series_Form_C,https://www.finder-relais.net/de/finder-relais-serie-40.pdf,,
,,K2,SONGLE,Relay:FINDER-40.11,relays_perso:Relay_SRD_Series_Form_C,https://www.finder-relais.net/de/finder-relais-serie-40.pdf,,
,,K3,SONGLE,Relay:FINDER-40.11,relays_perso:Relay_SRD_Series_Form_C,https://www.finder-relais.net/de/finder-relais-serie-40.pdf,,
,,K4,SONGLE,Relay:FINDER-40.11,relays_perso:Relay_SRD_Series_Form_C,https://www.finder-relais.net/de/finder-relais-serie-40.pdf,,
,,K5,SONGLE,Relay:FINDER-40.11,relays_perso:Relay_SRD_Series_Form_C,https://www.finder-relais.net/de/finder-relais-serie-40.pdf,,
,,K6,SONGLE,Relay:FINDER-40.11,relays_perso:Relay_SRD_Series_Form_C,https://www.finder-relais.net/de/finder-relais-serie-40.pdf,,
,,K7,SONGLE,Relay:FINDER-40.11,relays_perso:Relay_SRD_Series_Form_C,https://www.finder-relais.net/de/finder-relais-serie-40.pdf,,
,,K8,SONGLE,Relay:FINDER-40.11,relays_perso:Relay_SRD_Series_Form_C,https://www.finder-relais.net/de/finder-relais-serie-40.pdf,,
,,L1,100ÂµH,Device:L_Core_Iron,inductors_perso:L_Wuerth_WE-PD-Typ-LS-12x12,,,
,,Q1,BC817,Transistor_BJT:PN2222A,packages_SO_perso:SOT-23.-BC817kicad_mod,https://www.onsemi.com/pub/Collateral/PN2222-D.PDF,,
,,Q2,BC817,Transistor_BJT:PN2222A,packages_SO_perso:SOT-23.-BC817kicad_mod,https://www.onsemi.com/pub/Collateral/PN2222-D.PDF,,
,,Q3,BC817,Transistor_BJT:PN2222A,packages_SO_perso:SOT-23.-BC817kicad_mod,https://www.onsemi.com/pub/Collateral/PN2222-D.PDF,,
,,Q4,BC817,Transistor_BJT:PN2222A,packages_SO_perso:SOT-23.-BC817kicad_mod,https://www.onsemi.com/pub/Collateral/PN2222-D.PDF,,
,,Q5,BC817,Transistor_BJT:PN2222A,packages_SO_perso:SOT-23.-BC817kicad_mod,https://www.onsemi.com/pub/Collateral/PN2222-D.PDF,,
,,Q6,BC817,Transistor_BJT:PN2222A,packages_SO_perso:SOT-23.-BC817kicad_mod,https://www.onsemi.com/pub/Collateral/PN2222-D.PDF,,
,,Q7,BC817,Transistor_BJT:PN2222A,packages_SO_perso:SOT-23.-BC817kicad_mod,https://www.onsemi.com/pub/Collateral/PN2222-D.PDF,,
,,Q8,BC817,Transistor_BJT:PN2222A,packages_SO_perso:SOT-23.-BC817kicad_mod,https://www.onsemi.com/pub/Collateral/PN2222-D.PDF,,
,,Q9,BC817,Transistor_BJT:PN2222A,packages_SO_perso:SOT-23.-BC817kicad_mod,https://www.onsemi.com/pub/Collateral/PN2222-D.PDF,,
,,Q10,BC817,Transistor_BJT:PN2222A,packages_SO_perso:SOT-23.-BC817kicad_mod,https://www.onsemi.com/pub/Collateral/PN2222-D.PDF,,
,,Q11,BC817,Transistor_BJT:PN2222A,packages_SO_perso:SOT-23.-BC817kicad_mod,https://www.onsemi.com/pub/Collateral/PN2222-D.PDF,,
,,Q12,BC817,Transistor_BJT:PN2222A,packages_SO_perso:SOT-23.-BC817kicad_mod,https://www.onsemi.com/pub/Collateral/PN2222-D.PDF,,
,,Q13,BC817,Transistor_BJT:BC817,packages_SO_perso:SOT-23.-BC817kicad_mod,https://www.onsemi.com/pub/Collateral/BC818-D.pdf,,
,,Q14,BC817,Transistor_BJT:PN2222A,packages_SO_perso:SOT-23.-BC817kicad_mod,https://www.onsemi.com/pub/Collateral/PN2222-D.PDF,,
,,Q15,BC817,Transistor_BJT:PN2222A,packages_SO_perso:SOT-23.-BC817kicad_mod,https://www.onsemi.com/pub/Collateral/PN2222-D.PDF,,
,,Q16,BC817,Transistor_BJT:PN2222A,packages_SO_perso:SOT-23.-BC817kicad_mod,https://www.onsemi.com/pub/Collateral/PN2222-D.PDF,,
,,Q17,BC817,Transistor_BJT:PN2222A,packages_SO_perso:SOT-23.-BC817kicad_mod,https://www.onsemi.com/pub/Collateral/PN2222-D.PDF,,
,,R1,10k,Device:R,Resistor_SMD:R_0805_2012Metric_Pad1.20x1.40mm_HandSolder,~,,
,,R2,10k,Device:R,Resistor_SMD:R_0805_2012Metric_Pad1.20x1.40mm_HandSolder,~,,
,,R3,5.36k,Device:R,Resistor_SMD:R_0805_2012Metric_Pad1.20x1.40mm_HandSolder,~,,
,,R4,4.99k,Device:R,Resistor_SMD:R_0805_2012Metric_Pad1.20x1.40mm_HandSolder,~,,
,,R5,680,Device:R,Resistor_SMD:R_0805_2012Metric_Pad1.20x1.40mm_HandSolder,~,,
,,R6,10k,Device:R,Resistor_SMD:R_0805_2012Metric_Pad1.20x1.40mm_HandSolder,~,,
,,R7,2.2k,Device:R,Resistor_SMD:R_0805_2012Metric_Pad1.20x1.40mm_HandSolder,~,,
,,R8,1k,Device:R,Resistor_SMD:R_0805_2012Metric_Pad1.20x1.40mm_HandSolder,~,,
,,R9,10k,Device:R,Resistor_SMD:R_0805_2012Metric_Pad1.20x1.40mm_HandSolder,~,,
,,R10,2.2k,Device:R,Resistor_SMD:R_0805_2012Metric_Pad1.20x1.40mm_HandSolder,~,,
,,R11,1k,Device:R,Resistor_SMD:R_0805_2012Metric_Pad1.20x1.40mm_HandSolder,~,,
,,R12,10k,Device:R,Resistor_SMD:R_0805_2012Metric_Pad1.20x1.40mm_HandSolder,~,,
,,R13,2.2k,Device:R,Resistor_SMD:R_0805_2012Metric_Pad1.20x1.40mm_HandSolder,~,,
,,R14,1k,Device:R,Resistor_SMD:R_0805_2012Metric_Pad1.20x1.40mm_HandSolder,~,,
,,R15,10k,Device:R,Resistor_SMD:R_0805_2012Metric_Pad1.20x1.40mm_HandSolder,~,,
,,R16,2.2k,Device:R,Resistor_SMD:R_0805_2012Metric_Pad1.20x1.40mm_HandSolder,~,,
,,R17,1k,Device:R,Resistor_SMD:R_0805_2012Metric_Pad1.20x1.40mm_HandSolder,~,,
,,R18,10k,Device:R,Resistor_SMD:R_0805_2012Metric_Pad1.20x1.40mm_HandSolder,~,,
,,R19,2.2k,Device:R,Resistor_SMD:R_0805_2012Metric_Pad1.20x1.40mm_HandSolder,~,,
,,R20,1k,Device:R,Resistor_SMD:R_0805_2012Metric_Pad1.20x1.40mm_HandSolder,~,,
,,R21,10k,Device:R,Resistor_SMD:R_0805_2012Metric_Pad1.20x1.40mm_HandSolder,~,,
,,R22,2.2k,Device:R,Resistor_SMD:R_0805_2012Metric_Pad1.20x1.40mm_HandSolder,~,,
,,R23,1k,Device:R,Resistor_SMD:R_0805_2012Metric_Pad1.20x1.40mm_HandSolder,~,,
,,R24,10k,Device:R,Resistor_SMD:R_0805_2012Metric_Pad1.20x1.40mm_HandSolder,~,,
,,R25,2.2k,Device:R,Resistor_SMD:R_0805_2012Metric_Pad1.20x1.40mm_HandSolder,~,,
,,R26,1k,Device:R,Resistor_SMD:R_0805_2012Metric_Pad1.20x1.40mm_HandSolder,~,,
,,R27,10k,Device:R,Resistor_SMD:R_0805_2012Metric_Pad1.20x1.40mm_HandSolder,~,,
,,R28,2.2k,Device:R,Resistor_SMD:R_0805_2012Metric_Pad1.20x1.40mm_HandSolder,~,,
,,R29,1k,Device:R,Resistor_SMD:R_0805_2012Metric_Pad1.20x1.40mm_HandSolder,~,,
,,R30,10k,Device:R,Resistor_SMD:R_0805_2012Metric_Pad1.20x1.40mm_HandSolder,~,,
,,R31,1k,Device:R,Resistor_SMD:R_0805_2012Metric_Pad1.20x1.40mm_HandSolder,~,,
,,R32,1k,Device:R,Resistor_SMD:R_0805_2012Metric_Pad1.20x1.40mm_HandSolder,~,,
,,R33,1k,Device:R,Resistor_SMD:R_0805_2012Metric_Pad1.20x1.40mm_HandSolder,~,,
,,R34,10k,Device:R,Resistor_SMD:R_0805_2012Metric_Pad1.20x1.40mm_HandSolder,~,,
,,R35,1k,Device:R,Resistor_SMD:R_0805_2012Metric_Pad1.20x1.40mm_HandSolder,~,,
,,R36,10k,Device:R,Resistor_SMD:R_0805_2012Metric_Pad1.20x1.40mm_HandSolder,~,,
,,R37,10k,Device:R,Resistor_SMD:R_0805_2012Metric_Pad1.20x1.40mm_HandSolder,~,,
,,R38,10k,Device:R,Resistor_SMD:R_0805_2012Metric_Pad1.20x1.40mm_HandSolder,~,,
,,R39,1k,Device:R,Resistor_SMD:R_0805_2012Metric_Pad1.20x1.40mm_HandSolder,~,,
,,R40,1k,Device:R,Resistor_SMD:R_0805_2012Metric_Pad1.20x1.40mm_HandSolder,~,,
,,R41,1k,Device:R,Resistor_SMD:R_0805_2012Metric_Pad1.20x1.40mm_HandSolder,~,,
,,R42,1k,Device:R,Resistor_SMD:R_0805_2012Metric_Pad1.20x1.40mm_HandSolder,~,,
,,R43,1k,Device:R,Resistor_SMD:R_0805_2012Metric_Pad1.20x1.40mm_HandSolder,~,,
,,R44,1k,Device:R,Resistor_SMD:R_0805_2012Metric_Pad1.20x1.40mm_HandSolder,~,,
,,R45,1k,Device:R,Resistor_SMD:R_0805_2012Metric_Pad1.20x1.40mm_HandSolder,~,,
,,R46,1k,Device:R,Resistor_SMD:R_0805_2012Metric_Pad1.20x1.40mm_HandSolder,~,,
,,R47,10k,Device:R,Resistor_SMD:R_0805_2012Metric_Pad1.20x1.40mm_HandSolder,~,,
,,R48,10k,Device:R,Resistor_SMD:R_0805_2012Metric_Pad1.20x1.40mm_HandSolder,~,,
,,R49,10k,Device:R,Resistor_SMD:R_0805_2012Metric_Pad1.20x1.40mm_HandSolder,~,,
,,R50,10k,Device:R,Resistor_SMD:R_0805_2012Metric_Pad1.20x1.40mm_HandSolder,~,,
,,R51,1k,Device:R,Resistor_SMD:R_0805_2012Metric_Pad1.20x1.40mm_HandSolder,~,,
,,R52,1k,Device:R,Resistor_SMD:R_0805_2012Metric_Pad1.20x1.40mm_HandSolder,~,,
,,R53,1k,Device:R,Resistor_SMD:R_0805_2012Metric_Pad1.20x1.40mm_HandSolder,~,,
,,R54,1k,Device:R,Resistor_SMD:R_0805_2012Metric_Pad1.20x1.40mm_HandSolder,~,,
,,R55,8.1k,Device:R,Resistor_SMD:R_0805_2012Metric_Pad1.20x1.40mm_HandSolder,~,,
,,R56,8.1k,Device:R,Resistor_SMD:R_0805_2012Metric_Pad1.20x1.40mm_HandSolder,~,,
,,R57,4.7k,Device:R,Resistor_SMD:R_0805_2012Metric_Pad1.20x1.40mm_HandSolder,~,,
,,R58,4.7k,Device:R,Resistor_SMD:R_0805_2012Metric_Pad1.20x1.40mm_HandSolder,~,,
,,R59,8.1k,Device:R,Resistor_SMD:R_0805_2012Metric_Pad1.20x1.40mm_HandSolder,~,,
,,R60,8.1k,Device:R,Resistor_SMD:R_0805_2012Metric_Pad1.20x1.40mm_HandSolder,~,,
,,R61,4.7k,Device:R,Resistor_SMD:R_0805_2012Metric_Pad1.20x1.40mm_HandSolder,~,,
,,R62,4.7k,Device:R,Resistor_SMD:R_0805_2012Metric_Pad1.20x1.40mm_HandSolder,~,,
,,R63,1k,Device:R,Resistor_SMD:R_0805_2012Metric_Pad1.20x1.40mm_HandSolder,~,,
,,R64,1k,Device:R,Resistor_SMD:R_0805_2012Metric_Pad1.20x1.40mm_HandSolder,~,,
,,R65,10k,Device:R,Resistor_SMD:R_0805_2012Metric_Pad1.20x1.40mm_HandSolder,~,,
,,R66,10k,Device:R,Resistor_SMD:R_0805_2012Metric_Pad1.20x1.40mm_HandSolder,~,,
,,R67,10k,Device:R,Resistor_SMD:R_0805_2012Metric_Pad1.20x1.40mm_HandSolder,~,,
,,R68,10k,Device:R,Resistor_SMD:R_0805_2012Metric_Pad1.20x1.40mm_HandSolder,~,,
,,R69,1k,Device:R,Resistor_SMD:R_0805_2012Metric_Pad1.20x1.40mm_HandSolder,~,,
,,R70,1k,Device:R,Resistor_SMD:R_0805_2012Metric_Pad1.20x1.40mm_HandSolder,~,,
,,R71,680,Device:R,Resistor_SMD:R_0805_2012Metric_Pad1.20x1.40mm_HandSolder,~,,
,,R72,0,Device:R,Resistor_SMD:R_0805_2012Metric_Pad1.20x1.40mm_HandSolder,~,,
,,R73,10k,Device:R,Resistor_SMD:R_0805_2012Metric_Pad1.20x1.40mm_HandSolder,~,,
,,R74,1k,Device:R,Resistor_SMD:R_0805_2012Metric_Pad1.20x1.40mm_HandSolder,~,,
,,R75,1k,Device:R,Resistor_SMD:R_0805_2012Metric_Pad1.20x1.40mm_HandSolder,~,,
,,R76,1k,Device:R,Resistor_SMD:R_0805_2012Metric_Pad1.20x1.40mm_HandSolder,~,,
,,R77,10k,Device:R,Resistor_SMD:R_0805_2012Metric_Pad1.20x1.40mm_HandSolder,~,,
,,R78,10k,Device:R,Resistor_SMD:R_0805_2012Metric_Pad1.20x1.40mm_HandSolder,~,,
,,R79,1k,Device:R,Resistor_SMD:R_0805_2012Metric_Pad1.20x1.40mm_HandSolder,~,,
,,R80,1k,Device:R,Resistor_SMD:R_0805_2012Metric_Pad1.20x1.40mm_HandSolder,~,,
,,R81,1k,Device:R,Resistor_SMD:R_0805_2012Metric_Pad1.20x1.40mm_HandSolder,~,,
,,R82,10k,Device:R,Resistor_SMD:R_0805_2012Metric_Pad1.20x1.40mm_HandSolder,~,,
,,R83,1k,Device:R,Resistor_SMD:R_0805_2012Metric_Pad1.20x1.40mm_HandSolder,~,,
,,R84,10k,Device:R,Resistor_SMD:R_0805_2012Metric_Pad1.20x1.40mm_HandSolder,~,,
,,R85,10k,Device:R,Resistor_SMD:R_0805_2012Metric_Pad1.20x1.40mm_HandSolder,~,,
,,R86,1k,Device:R,Resistor_SMD:R_0805_2012Metric_Pad1.20x1.40mm_HandSolder,~,,
,,R87,10k,Device:R,Resistor_SMD:R_0805_2012Metric_Pad1.20x1.40mm_HandSolder,~,,
,,R88,1k,Device:R,Resistor_SMD:R_0805_2012Metric_Pad1.20x1.40mm_HandSolder,~,,
,,R89,1k,Device:R,Resistor_SMD:R_0805_2012Metric_Pad1.20x1.40mm_HandSolder,~,,
,,R90,10k,Device:R,Resistor_SMD:R_0805_2012Metric_Pad1.20x1.40mm_HandSolder,~,,
,,R91,1k,Device:R,Resistor_SMD:R_0805_2012Metric_Pad1.20x1.40mm_HandSolder,~,,
,,R92,1k,Device:R,Resistor_SMD:R_0805_2012Metric_Pad1.20x1.40mm_HandSolder,~,,
,,R93,10k,Device:R,Resistor_SMD:R_0805_2012Metric_Pad1.20x1.40mm_HandSolder,~,,
,,R94,1k,Device:R,Resistor_SMD:R_0805_2012Metric_Pad1.20x1.40mm_HandSolder,~,,
,,R95,0,Device:R,Resistor_SMD:R_1206_3216Metric_Pad1.30x1.75mm_HandSolder,~,,
,,SW1,SW_Push,Switch:SW_Push,switches:SW_PUSH_6mm_H5mm,~,,
,,U1,LT1376CS8TR,LT1376CS8TR:LT1376CS8TR,Package_SO:SOIC-8_3.9x4.9mm_P1.27mm,,lt1376cs8#tr,Linear Technology
,,U2,PIC16F1939-PDIP40,Microchip_PIC_perso:PIC16F1939-PDIP40,Package_DIP:DIP-40_W15.24mm_LongPads,http://ww1.microchip.com/downloads/en/DeviceDoc/41364E.pdf,,
,,,,,,,,
,,,,,,,,
,,,,,,,,
Collated Components:,,,,,,,,
,,,,,,,,
Item,Qty,Reference(s),Value,LibPart,Footprint,Datasheet,MANUFACTURER_PART_NUMBER,VENDOR
1,1,BZ1,Buzzer,Device:Buzzer,buzzer_perso:Buzzer_Mallory_AST1109MLTRQ,~,,
2,1,BZ2,Buzzer,Device:Buzzer,buzzer_perso:Buzzer_12x9.5RM7.6,~,,
